Answer,Question,Source File,Sr.No,Option A,Option B,Option C,Option D
D,"MAHARASHTRA STATE COUNCIL OF EXAMINATION,PUNE OBJECTIVE QUESTION PROVISIONAL ANSWER KEY GCC - TBC JANUARY 2026 EXAM BATCH - 604 Sr.No Question Option A Option B Option C Option D Provisional Ans. 1 Baud Rate is measured in Bits per Bytes pe Bits per Bytes per ____________ second Second minute minute 2 Binary coding system 1 - 100 0 and 1 Alphabets Both consist of _________ alphanumeric 3 BMP means --------- Bit files Byte Files Bitmap Files Bios Files 4 box containing _______ is UPS CPU SMPS HDD called as cabinet. 5 Cache Memory is a TRUE FALSE Temporary Memory Below the Ruler Line, we can get a white colored rectangular area. This area called … … … … 6 Page Area Status bar Title Bar Menu Bar . 7 Bold, Italic, Regular are Font Styles Font Effects Word Art Text Effects known as 8 Border and shading is True False used to set text as a list 9 Borders can be applied for Cells Paragraph Text All of these _______________ 10 By default _____ line not scale ruler top None of these shown on the screen 11 If you want to sort data page layout right click on review tab -> click on view after selecting it in MS tab and click cell -> sort sorting data tab -> sort Excel 2019 which of the on sort button following is correct option ? 12 IF() function is used to TRUE FALSE place data according to any condition. 13 In MS Excel 2019 the font only cell only cell color of text only text color color option in font group border color background and its can change ___ color underline 14 In MS Excel 2019 which alignment cells group editing group Styles group group contains the ""clear"" group option ? 15 In MS Excel 2019 which alignment cells group editing group Styles group group contains the group AutoSum option ? Sr.No Question Option A Option B Option C Option D Provisional Ans. 16 Header and Footer Home Insert Transition View command is available in ___________ tab in PowerPoint 17 Header and Footer options Windows Insert Slide Show Format are given in __________ tab. 18 How can you insert bar Insert=> Insert=>Imag Edit=>Image Edit=>Chart graph in a presentation? Chart => Bar e 19 How can you see all your through slide through through slide through chart at once? view reading view sorter view normal view 20 How do you identify that a the object is The object is The object is The object is placeholder is active to highlighted not deleted replaced type text? highlighted 21 A domain name ending Educational Government Network Web Military Web with "".gov"" is ____________ Web Site Web Site Site Site 22 A domain name ending A network A An A government with "".org"" is ____________ site commercial organization Site site 23 A File download means Web Site to Computer to Server to Client to client moves a copy of file from computer Web Site server _________ 24 A File download means True False moves a copy of file on local host to remote host. A file having .JPG extension represents … … … … … … … 25 Audio Portable Video Image Document ..file. Format",BATCH_-_(604).pdf,,,,,
C,"MAHARASHTRA STATE COUNCIL OF EXAMINATION,PUNE OBJECTIVE QUESTION PROVISIONAL ANSWER KEY GCC - TBC JANUARY 2026 EXAM BATCH - 101 Sr.No Question Option A Option B Option C Option D Provisional Ans. 1 ------------ is an example of Linux WORD OS Complier application software. Processor 2 --------------- is used for CD Drive Floppy Drive Hard Drive Pen drive data reading on CD. 3 ----------- is used to Pen Drive Floppy Optical Disk All of Above transfer data from one computer to other computer. 4 -------------- types of Digital Analog Hybrid Logic computers does the data interpretation in form of 0 & 1. 5 _______________ is Hard Disk Memory Pen Drive All of these Secondary storage device Card 6 ctrl+s is used for delete Save open delete … … … … … … … … 7 is the FIL DOT DOC TXT extension of Word files? 8 Grammer mistakes does TRUE FALSE not checked by MS-Word 9 ___________ can you Press F8 Press Del to Press Esc to Press Enter to disable extended selection again to disable disable disable mode disable 10 ___________ item appears Water Color Background Watermark Back Color dimly behind the main body text 11 A Worksheet may contain TRUE FALSE many Workbook 12 _________ Collection is Worknote-Bo Work Chart Book Worksheet called as Workbook. ok Document 13 __________ Means Text Formula Number Cell instruction to perform Reference calculations. 14 ___________ Means in Programs Value Figures Functions built formula basically available in Excel. 15 .pptx is the extension of TRUE FALSE Power Point 16 Picture can be inserted File Insert Formulas Data from ________Tab Sr.No Question Option A Option B Option C Option D Provisional Ans. 17 _____________ keys is Help find search move used for Help option. 18 --------------------- to the text Highlight Font Color Shadow None of these can be given by using shadow command. 19 Presentation Webpage Processing Video MS- PowerPoint is useful for making ____________ at professional level. 20 ________ option used to View File Slide Show Window display ruler line. 21 All modems are located TRUE FALSE inside the computer. 22 ____________ Is a way of G-mail E-mail M-mail Google sending and receiving messages using a computer. 23 In Computer E-Mail is a Sending Copying Moving Downloading way of _________ messages. 24 Process of saving files to Uploading Downloading Installing Unzip your computer from the internet is called ____________ 25 ""HTML"" is acronym for Hypertext High Tone Hypertext None of the what? Markup Loop Modifier Markup above Loop Language",BATCH_-_(101).pdf,,,,,
A,"MAHARASHTRA STATE COUNCIL OF EXAMINATION,PUNE OBJECTIVE QUESTION PROVISIONAL ANSWER KEY GCC - TBC JANUARY 2026 EXAM BATCH - 602 Sr.No Question Option A Option B Option C Option D Provisional Ans. 1 An internet mail message 2 3 4 5 has ______ parts 2 Analytical engine could Graphics Calculations Multimedia None of these perform______ 3 ANSI stands for All New A national American None of these Small Small National Integration Institutes Standard Institute 4 Arithmetical process on Arithmetic & Logic Control Output information provided by Logic input unit is done by --------- unit 5 Arrow keys is also called Combination Navigation Addition Changing as ___________ 6 After clicking on______in Picture Paragraph text scroll bar document resizing handles are appeared around it 7 After Clicking with mouse Row Column Cell Table on top area of column in Table ___________ Will get selected. 8 All the letters of selected Upper case Lower case Toggle case change case matter are converted to small cases with____ 9 Alt+___ used for to close F1 F4 F3 F5 the active window. 10 Alt+P key is used for____ View tab home tab Page Layout Data tab active active Tab Active Active 11 Help option is available in Insert File View Tools _________ Menu 12 How many kinds of 3 5 6 4 Alignment are available in MS-Excel. 13 How many types of One Two Three Four Orientation are available in MS-Excel? 14 How many types of 4 3 2 horizontal horizontal alignments are alignments possible in MS Excel 2019 can not be ? done Sr.No Question Option A Option B Option C Option D Provisional Ans. 15 How many types of vertical 1 2 3 4 alignments are possible in MS Excel 2019 ? 16 From following which is not Normal Slide Master Slide Sorter Notes Page Presentation view? 17 From which menu you can View Design Home Insert access picture, Chart, Clip art etc. in PowerPoint? 18 From which tab we can Home View Insert Review insert a audio? 19 From which tab we can Insert Home View Review insert a SmartArt? 20 From which tab we can Home Insert Review View insert a video? … … … … … … 21 .. Software is System Application Virtual Compiler a software that basically makes the computer work. … … … … … … 22 ..is an Windows Linux Unix Spreadsheet application software. … … … … … … 23 ..is measured Computer Speed of Size of CPU Screen in pixels. memory RAM resolution … … … … … … 24 .computers Analog Digital Virtual Rational work on bits. 25 25MB attachment can be Gmail Google Word PowerPoint send through ____",BATCH_-_(602).pdf,,,,,
B,"MAHARASHTRA STATE COUNCIL OF EXAMINATION,PUNE OBJECTIVE QUESTION PROVISIONAL ANSWER KEY GCC - TBC JANUARY 2026 EXAM BATCH - 702 Sr.No Question Option A Option B Option C Option D Provisional Ans. 1 Characteristic of Faster Than Smaller In Both A And B None Of transistors __________ Vaccum Size Above Tubes 2 CHARACTERISTRIC OF Bulky Slow Never Became None of these I.C. is that it __________ Warm 3 Charater Printer is also Ink Jet Dot Matrix Laser Printers Plotters called as ____________ Priters Priters 4 Collection of 1024 GB data Terabyte Gigabyte Kilobytes Bytes only means 1 ---------- Data. 5 Collection of information Note File Word None Of stored in the computer is Above called as ____________ 6 Color and pattern used to Shape WordArt Fill Style Fill Back fill a closed shape is called _____ 7 control+home is used for TRUE FALSE Find and Replace 8 Copy and Paste operation TRUE FALSE can be used to move a block of text. 9 Ctrl + A _______ Select All Align Right Align Left Change Font 10 Ctrl + B ______ Search the Paste the Open file Bold the selected text selected text selected text 11 In Excel Short Cut key for Ctrl + Y Ctrl+ Z Ctrl + S Ctrl + X Redo is __________ 12 In Excel _______ Is present Border Gridline Graph Filter by Default 13 In Excel _____________ Text Formula Number Cell Reference Means instruction to perform calculations. 14 In Excel Normal Page Layout Print Layout Custom __________________ Is not type of View. 15 In Excel _________is not Normal Page Layout Print Layout Custom type of view 16 If you want all the Outline View Reading slide layout installed presentation to have same View design look then use _________ template Sr.No Question Option A Option B Option C Option D Provisional Ans. 17 Images cannot be deleted TRUE FALSE once added in a slide 18 In ---------------- view we Slide Sorter Normal Outline View Slide Show can see only one slide at a time and can do editing in the same. 19 In ----------- we can do Set up show Slide Rehearse Custom Rehearsal of the time Transition Timings Animation required for each slide. 20 In ................... we can see Outline Pane Slides Pane Notes page Slide Sorter all the slides in the presentation file in thumbnail view. 21 A website is a complete TRUE FALSE collection of pages and folders. Addition document included in an Email are commonly called … … 22 Postings Forums Attachments Links 23 All web addresses start smtp:// http:// ftp:// html:// with ____________ 24 All web addresses start TRUE FALSE with http:// 25 ALU stands for Arithmetic Arithmetic Addition Logic None of these ____________________ and Legal and Logical Unit Unit Unit",BATCH_-_(702).pdf,,,,,
B,"MAHARASHTRA STATE COUNCIL OF EXAMINATION,PUNE OBJECTIVE QUESTION PROVISIONAL ANSWER KEY GCC - TBC JANUARY 2026 EXAM BATCH - 703 Sr.No Question Option A Option B Option C Option D Provisional Ans. 1 Comparison process is Arithmetic Logical Binary Bits done in _________ Operations. 2 Compressed files are Zip Decompress Both A And B None Of required to _____________ Above before using. 3 Computer calculates TRUE FALSE numbers in binary number system 4 Computer can be used for Letter Typing Drawing Graphs All Of Above Making 5 Computer can have Small Data Ample Data Both A And B None Of __________ storage Above 6 Ctrl + I is used for Italic Left Indent Save Close _____________ Document Document 7 Ctrl + J is used for Align Justify Insert Search Print ____________ Hyperlink 8 Ctrl + L means New Close Right Indent Left Alignment ______________ Document Document 9 Ctrl + R is used for Re-Open the Re-Print the Re-Apply the Right align the ____________ last closed last printed last paragraph selected document page formatting Paragraph 10 Ctrl + S _______ Print Close Save As Save document document document In Excel … … … … … … 11 . Text Formula Number Cell Reference Means instruction to perform calculations. In Excel … … … … … … … … … 12 Normal Page Layout Print Layout Custom Is not type of View. In excel column are … … … … … … 13 Straight Curve Horizontal Shape 14 In Excel Ctrl + U Bold Italic Underline Paste Command is used for _____________ 15 In Excel Ctrl + X Copy Cut Search Paste Command is used for _____________ 16 In ....................... view you Slide Sorter Slide Master Outline View None of Above can rearrange the slides. View Sr.No Question Option A Option B Option C Option D Provisional Ans. 17 In ....................... view we Slide Sorter Normal Outline View Slide Show can see only one slide at a time and can do editing in the same. 18 In ______ you can view the Outline Slide Show Note Page Slide Sorter presentation with Transition and Animation effects. 19 In _________ view slide Slide sorter Normal Reading Slide show numbers gets displayed 20 In _________ view you can Slide Sorter Slide Master Outline View None of these rearrange the slides. View 21 An ______ Is a program Gmail Google Googletalk All of above that provides tools for Chrome accessing web sites. 22 An internet address is TRUE FALSE called WWW 23 An ISP connects you to the TRUE FALSE internet. 24 Analog computers produce TRUE FALSE more accurate and faster results. 25 Animation refers to a TRUE FALSE combination of text, graphics, sound animation and video.",BATCH_-_(703).pdf,,,,,
A,"MAHARASHTRA STATE COUNCIL OF EXAMINATION,PUNE OBJECTIVE QUESTION PROVISIONAL ANSWER KEY GCC - TBC JANUARY 2026 EXAM BATCH - 404 Sr.No Question Option A Option B Option C Option D Provisional Ans. 1 ______________ Is not a Speed Accuracy Low Storage Ample Storage characteristic of computer 2 _______________ Is placed Wallpaper Screen Taskbar None Of at the bottom of screen on Saver Above desktop. 3 ________________ Is Plotter Laser Solid Dot Matrix character printer. 4 _________________ is type Floppy Disk CD Hard disk Pen drive of optical Disk. Drive 5 ______________Device is Keyboard Mouse Scanner All Of Above used to draw diagrams, lines, circles etc. … … 6 .. tab is used to insert Insert Tools File Design the shapes into the document. … … 7 .. tab is used to insert Home Insert Data View the wordart into the document. … … 8 ... item is printed at the Header Foot Note Title Footer bottom of each page … … 9 ..can be used to set Ruler Status area status bar tool bar margins and indents in Document … … 10 ..option of table is sort merge add None of these used to arrange data in ascending order. 11 Cell in MS Excel 2019 is a intersection intersection intersection of None of these ____ of only rows of only rows and columns columns 12 CELL is a information TRUE FALSE function 13 Cell is the intersection of two cells workbook worksheet row and __________ column Cell Pointer is the … … … … 14 Thin Thick Long Outside .. Border around the Active Cell. 15 Cell value typed in Status Bar Formula Bar Title Bar None of these selected cell displayed in ________ Sr.No Question Option A Option B Option C Option D Provisional Ans. 16 Click on ............... option in Slide Layout Transition Animation New Slide slide group of Home Tab to create a new slide. 17 Clip Art command is Home Insert Transition View available in ___________ tab in PowerPoint 18 Clip Art Option is given in Edit Insert View Window ___________ Tab. 19 Clipart option is given in TRUE FALSE Edit Tab. 20 ClipArt option is given in TRUE FALSE Insert Tab. 21 __________________ is the SMTP HTTP FTP PPPT protocol, to transfer the data in the form of text 22 ______________________ Social Search Screeners Routers is used to search content networks engine online. 23 ______________________ Inbox Spam Trash Outbox Is used to view deleted E-Mails. 24 ______________________ Outbox Inbox Sent Spam Is used to view received E-Mails. 25 ______________________ Sent Mails Spam Trash Inbox Is used to view sent E-Mails.",BATCH_-_(404).pdf,,,,,
,MB = 1 - KB GB TB MB B _______________ 2,BATCH_-_(504).pdf,1024,,,,
D,Mega Byte = 1 Kilo Byte Yotta Byte Tera Byte Giga Byte D _________ 3 A folder can contain _____ Files Folder Both A and B None of above 4 A Internet is a combination website Sub network pictures protocol of ______ 5 A taskbar cannot be can be can be deleted None of above _______________ locked locked … … … 6 are the filter option AutoFilter CustomerFilt AdvanceFilter All the above er … … … 7 bar displays name of Menu Task Title status document with program name … … … 8 is the shortcut key CTRL+A CTRL+Z CTRL+Y CTRL+W for closing document in MS-Word … … … 9 is used for Toolbar Taskbar Stock chart None of these performing menu operations through GUI … … … 10 press when help F4 F3 F1 F2 dialog box is appear 11 Excel file Extension XLSX Microsoft Microsoft Web Page Microsoft means _____________ Excel Excel Office Workbook Template Workplace 12 Excel is generally used for TRUE FALSE data analysis in offices. 13 Excel is not generally used TRUE FALSE for data analysis in offices. 14 File name of current sheet Reference Title Bar Page On Cell is shown on Area ___________________ 15 Fill Command is provided Home Tools File Format in _________ Tab 16 F5 function key is used to Add slide start slide Delete slide end slide show __________ in PowerPoint show 17 Fade is a ____________ Background Action Animation Slide effect in PowerPoint Sr.No Question Option A Option B Option C Option D Provisional Ans. 18 File name is displayed at Menu Bar Status Bar Ribbons Title Bar _______ in PowerPoint. 19 Files of MS PowerPoint Document Spreadsheet File Presentation are called as ____________ 20 Fill Color is under Home Insert Design Review ____________ Tab in PowerPoint … … 21 .. is a worldwide LAN Internet World Wide Cyberspace system of network. Web … … 22 .. Key is used to see F1 F2 F3 F4 the list of the Typed Internet Addresses … … … 23 is brain of a CPU Input Unit Output Unit Memory Unit computer system. … … … 24 . is a world Wide LAN Cyberspace World Wide Intercom system of network. Web … … … 25 .. Is a free Email Yahoo Mail Rediff Mail Hot Mail All of the program that you can above access from any web browser.,BATCH_-_(504).pdf,1024,,,,
A,"MAHARASHTRA STATE COUNCIL OF EXAMINATION,PUNE OBJECTIVE QUESTION PROVISIONAL ANSWER KEY GCC - TBC JANUARY 2026 EXAM BATCH - 603 Sr.No Question Option A Option B Option C Option D Provisional Ans. 1 Arrow keys is also called TRUE FALSE as Navigation Keys Arrow keys on keyboard are called as … … … … 2 Toggle Keys Navigation Numeric None Of Keys Keypad Above 3 Artificial intelligence is Second Third Fourth Fifth incorporated in Generation Generation Generation Generation ______________ 4 Automation is one of the TRUE FALSE characteristics of computer 5 Backspace key is used Delete Text Add Text Pause Test Insert Test ________ 6 Any information that gets End note Foot note Header footer from page bottom is called____ 7 Arial, Times New Roman Word Art Font Styles Indents None of these are the examples of ___ 8 At the bottom of the vertical rectangular horizontal None of these Ms-Word we can see a______strip Background color or effects applied on a document is not visible in … … … 9 Reading Print Layout Web layout Print Preview View view view .. Preview. 10 Basic shapes comes Review View Insert Page Layout under______tab 11 Hyperlink is used to create TRUE FALSE link the sheet 12 IF is a database function. TRUE FALSE 13 IF is not a logical function TRUE FALSE 14 If we increase the height of Bottom Middle Up Down the row, the text matter automatically gets shifted to the ____ of the Cell 15 if you want to sort data page layout click on view data tab -> insert tab -> after selecting it in MS tab and click tab -> sort sort sort and filter Excel 2019 _______ is on sort button correct option 16 From which tab you can File Insert Home View access the slides layout? Sr.No Question Option A Option B Option C Option D Provisional Ans. 17 Group command is Font Paragraph Drawing Editing available in ___________ group in PowerPoint 18 Guides command is View File Slide Show Window chosen in the ................... Tab to display Guides 19 Header and Footer are not TRUE FALSE available in PowerPoint 20 Header and Footer are TRUE FALSE visible on each slide in PowerPoint 21",BATCH_-_(603).pdf,,,,,
C,"bits= ____________ 1 Byte 1024 Bytes 4 Bytes 1 Kilobytes A 22 A ______ is a program that MS Word www Web Browser Photoshop provides tools for accessing web sites. 23 A broadband connection is TRUE FALSE considered as ""Always On"" connection 24 A computer monitor is Register Microprocess Cathode Ray Transistor made up of or Tube _________________ A computer on internet are identified by … 25 email street IP Address None of the address address above",BATCH_-_(603).pdf,8,,,,
B,"MAHARASHTRA STATE COUNCIL OF EXAMINATION,PUNE OBJECTIVE QUESTION PROVISIONAL ANSWER KEY GCC - TBC JANUARY 2026 EXAM BATCH - 505 Sr.No Question Option A Option B Option C Option D Provisional Ans. 1 A to Z characters are also Number keys Function Alpha Keys Insert Keys called as ____________ Keys 2 A Web page means TRUE FALSE Collection of Information. 3 Accuracy is one of the TRUE FALSE characteristics of computer 4 Actual data processing is Control Input Output Arithmetic & done by _________ unit of Logical computer 5 All programs can be Start Main Functional None Of started from ___________ Above menu. … … … 6 view helps to set Page Layout outline view normal web layout outline of current document … … 7 indicates two lines of 1 2.5 2 3 spacing in between two lines of text 8 A file which is open can be menu close title None of these closed with the _____ command from the File Menu 9 A file which is open can be open delete close Esc closed with the _____command 10 A number of letter that Toptext Superscript Subscript Supertext appears little below the normal text is called _______ 11 For Normal Arial Font, 10 11 15 14 Row height is ____ points by default 12 Formula can be use for Mathematical Addition Subtractions Multiplications _____________ In Excel. Calculations 13 Formula means instruction Addition Substruction Multiplication Calculation to perform ___________ 14 Function always starts with * ? ! = __________ Symbol. 15 Functions means inbuilt MS-Word MS-Excel MS-PowerPoi None of these formula basically available nt in _____________ Sr.No Question Option A Option B Option C Option D Provisional Ans. 16 Fly from left Bottom is Animation Action Background None of the ________ effect. above 17 Fly in is a ___________ Action Animation Background None of these effect in PowerPoint. 18 Fly through is a Animation Action Background Slide ____________ effect in PowerPoint. 19 Following slides are Title Blank Two content All of these present in PowerPoint. 20 Font color of text in a slide Insert Home View Review can be changed using font color command from ______ tab. … … … 21 .. Is a Microsoft's Windows Navigator File Manger Internet web browser that installs Explorer Explorer with windows by default. … … … 22 .. Is an example of Compiler Interpreter Program Floppy Drive hardware. … … … … 23 .are used for Inkjet printers Plotters Dot Matrix Laser Printers Engineering drawing, Printers maps etc. … … … … 24 .software are used System Application Virtual Compiler to perform a specific task. … … … … … 25 .. Is an example Binary Java Bite Code Bit Code of programming language.",BATCH_-_(505).pdf,,,,,
B,"MAHARASHTRA STATE COUNCIL OF EXAMINATION,PUNE OBJECTIVE QUESTION PROVISIONAL ANSWER KEY GCC - TBC JANUARY 2026 EXAM BATCH - 705 Sr.No Question Option A Option B Option C Option D Provisional Ans. 1 Computer is basically Hardcopy, Hardware, Software, None Of divided into ___________ Softcopy Software Antivirus Above and ____________ 2 Computer keyboard is Number Text Function Control having set of --------- key on right side. 3 Computer keyboard layout Typewriter Musical Both A And B None Of is same as ___________ Above keyboard. 4 Computer Memory is Bits Byte File Data calculated in ___________ 5 Computer not only work True False fast but accurate also. 6 Ctrl+___ is used for Left A L C D Align 7 ctrl+___ is used for to cut Y X Z B the selection 8 Ctrl+_____ key used for A B C D selecting the whole or complete document Ctrl+ … 9 ... is used for 2 3 4 5 Double Line Spacing Ctrl+ … 10 ... with an arrow key SHIFT delete undo redo used for to select a block of text 11 In Excel options to change Alignment Number Font Group Clipboard the font Size ,color and Font face are available in ______________ 12 In Excel Redo Short Cut Ctrl+ Z Ctrl + Y Ctrl + S Ctrl + X key __________ 13 In Excel Sequencially Cell span Line Cell range None of these Selected cells are called _______________ 14 In Excel Short cut Ctrl + V Ctrl + H Ctrl + F Ctrl + G Command for Replace _____________ 15 In Excel Spelling option is Insert Review Data View available in ________ Menu Sr.No Question Option A Option B Option C Option D Provisional Ans. 16 In a slide selected text Font Size Font Color Font style None of these matter can be given a different color using ___ command from Home Tab. 17 In a slide show using ESC Enter a slide Exit from to go to next None of These we can ____________ show Slide Show slide 18 In Insert=>Media option Only Audio Only Video Audio & Video None of these which of the following are present? 19 In Ms Powerpoint 2019 TRUE FALSE Drawing Group is under Home Tab. In Ms Powerpoint 2019 under the Design tab … … … 20 Thems Page Backgroup None of these Orientation .. Option are avilable in Page setup group. Automated Transactions for the purchase of goods over the internet is called … … 21 Commerce Purchase E-shopping Web shopping 22 AVI stands Actual Video Audio Auto Video Audio Video for_______________ Interface Varying Interaction Interface Interface 23 BCC Means Blank Carbon TRUE FALSE Copy 24 BCC Means____ Blank Blind Carbon Bank Carbon Branch Carbon Copy Copy Copy Carbon Copy 25 Before sending email to Photo ID Email ID Address ID Web ID anyone you should have your own _____",BATCH_-_(705).pdf,,,,,
B,"MAHARASHTRA STATE COUNCIL OF EXAMINATION,PUNE OBJECTIVE QUESTION PROVISIONAL ANSWER KEY GCC - TBC JANUARY 2026 EXAM BATCH - 402 Sr.No Question Option A Option B Option C Option D Provisional Ans. 1 ____________ Is type of Computer Laptop Mobile All Of Above electronic device 2 ____________ Printer use Inkjet Dot Matrix Plotter Laser ink ribbon. 3 ____________ Printer use Inkjet Character Plotter Laser liquid ink. 4 ____________ Printer use Inkjet Character Plotter Laser toner. 5 _____________ Are faster Mainframe Mini Micro Hybrid than micro computers Computer Computer Computer Computers 6 _____tab is used for ruler Data Formula View Insert show and hide 7 ____Following option is not Chart Graph Clipart word art available in insert-picture. 8 ____indicates two lines of 1 2.5 2 3 spacing in between two lines of text … 9 .. Is a Paragraph Format Left Indent Right Indent Hanging First Line in which the first line of the Indent Indent paragraph is started from outer side than other lines of paragraph. … 10 ...command facility is Auto Text Auto Correct Auto Format None used to correct the common spelling mistakes. 11 By using ___________ Preview Print Page Layout All of these Option we get the Printouts. 12 By using _____option, we contents Cell contents Comments None of the can add the cell comments above By using … … … … … … 13 Open New Save Close Command we can save the current workbook. 14 By using Exit option, what Quit Excel Open Excel Close file Open file action is done in Excel 15 Open, Save ,Undo, Redo review tab data tab Quick Access Page layout etc. options can be part of Toolbar tab ? 16 BMP means Bitmap Image TRUE FALSE Sr.No Question Option A Option B Option C Option D Provisional Ans. 17 Bullets option is available Clipboard Slides Paragraph Font in ______ group in Powerpoint. 18 By default the font size of 40 44 42 43 the Title Text box of Title slide is -------------- 19 By pressing Close Exit Escape None of these __________________ key we can stop the running slide show. 20 By using exit option in Open Open a file in Exit None of these PowerPoint, what action is PowerPoint PowerPoint PowerPoint performed? 21 _______________ Is World Wide HTTP Google HTML Search Engine. Web 22 ________________ allows Server Client Modem None of above the clients to share its recourses. 23 ________________ Browser Chrome Firefox Opera Internet is developed in Google Explorer Corporation. 24 ________________ Browser Chrome Firefox Opera Internet is developed in Microsoft Explorer Corporation. 25 ________________ is an MS Word Outlook MS Excel MS Access E-Mail program. express",BATCH_-_(402).pdf,,,,,
D,"MAHARASHTRA STATE COUNCIL OF EXAMINATION,PUNE OBJECTIVE QUESTION PROVISIONAL ANSWER KEY GCC - TBC JANUARY 2026 EXAM BATCH - 203 Sr.No Question Option A Option B Option C Option D Provisional Ans. 1 _______ was the first Postcard Email Envelope None of these electronic messaging system. 2 ________ Is not input Keyboard Mouse Printer Microphone devices. 3 ________ allows Data notepad Network WordPad information to be shared. 4 ________ Are input Keyboard Mouse Scanner All Of Above devices. 5 ________ Are types of flash Sd Mmc Memory Stick All of these memory cards 6 ctrl+R is used for Right TRUE FALSE Alignment 7 _____ Bar is displayed in Title Bar Status Bar Scroll Bar Format Bar the bottom side of Microsoft word application window 8 _____ Cannot be resized. Dialog box Window Word Wizard 9 _____ command is present sort page number margin orientation in home tab 10 _____ is the default 3 10 15 20 number of lines to drop for drop cap. 11 __________ Function Lower() Capital() Upper() Case() makes the text given in the brackets converted into capital cases and inserted in the cell 12 __________ Function Upper() Capital() Lower() Case() makes the text given in the brackets converted into small cases and inserted in the cell 13 __________ Functions =Int() =If() =Max() =Round() converts the number into nearest integer. 14 __________ is the correct page layout click on view review tab -> data tab -> option to sort data after tab and click tab -> sort sorting data sort & filter selecting it in MS Excel on sort button",BATCH_-_(203).pdf,,,,,
D,. Sr.No Question Option A Option B Option C Option D Provisional Ans. 15 __________ Means in built Programs Value Figures Functions formula basically available in Excel. 16 _________ View is used to Slide Slide show Outline Slide Sorter adjust or arrange the matter in the slide. 17 __________ Transitions Honeycomb Glitter Vortex All of these available in MS PowerPoint 18 __________ various Shred Switch Flip All of these Transitions available in MS PowerPoint 19 __________ are Transitions Fade Push Wipe All of these available in MS PowerPoint 20 __________ can be Paper Page Hyperlink None of these inserted in PowerPoint presentation. 21 _______ is a world Wide LAN Cyberspace World Wide Intercom system of network. Web 22 _______ Is an example of Linux Unix C++ Cyrix Microprocessor. 23 _______ Is an example of Unix Windows NT C++ Linux programming language. 24 ________ is an example of RAM ROM Cache DVD external memory. 25 ________ were used in Vacuum Transistors Integrated Microprocesso fourth generation Tubes Circuits rs computers.,BATCH_-_(203).pdf,2019,,,,
D,"MAHARASHTRA STATE COUNCIL OF EXAMINATION,PUNE OBJECTIVE QUESTION PROVISIONAL ANSWER KEY GCC - TBC JANUARY 2026 EXAM BATCH - 305 Sr.No Question Option A Option B Option C Option D Provisional Ans. 1 ___________ Is not type of Plotter Laser Solid Dot Matrix printer 2 ___________ Is primary RAM ROM CACHE All Of Above memory. 3 ___________ Is volatile RAM ROM CACHE None Of memory. Above 4 ____________ Are activities Deleting Erasing Data Corrupting All Of Above of virus Files Data 5 ____________ Are parts of 5 3 4 None Of binary system Above 6 _____________________ is F12 Shift F12 Alt + F12 Ctrl + F12 the short cut key to open the Open dialog box? 7 _____________key used for ctrl+L ctrl+R ctrl+V ctrl+J left align 8 ________means WordArt font styles Font size Template readymade formats provided by words. 9 ______are the filter option AutoFilter CustomerFilt AdvanceFilter All of these er 10 ______bar displays name Menu Task Title status of document with program name 11 Auto Sum option is Formula Data Insert None of these available in ______ Autofill Option is used to get 1,2,3,4 … … . Numbers in … … … … 12 Serial Down Up None of the Number above .. Column. 13 Autosum button is TRUE FALSE available in data tab in MS Excel 2019 . 14 In Ms-Excel XFD is the true false heading of column 15 Below the ______ area, we worksheet Cell Row Column get sheet Tabs 16 Arrange command is Font Paragraph Drawing Editing availabe in ______ group in PowerPoint Sr.No Question Option A Option B Option C Option D Provisional Ans. 17 As soon as clipart in true false inserted, free rotate button / option is available. 18 Background Command Insert Design Tools File group is in ____________ Tab. 19 Background group is in Insert Design Tools File _____Tab. 20 Background Styles Home Insert Transition Design command is available in ___________ tab in PowerPoint 21 ____________ Is the LAN MAN WAN Internet biggest Network in the world. 22 ____________ is the most HTML TCP/IP IPX/SPX NetBEUL common internet protocol. 23 ____________ is Web Internet MS Word MS Excel MS Browser software Explorer PowerPoint 24 ____________ shortcut key F1 F2 F4 F6 is used to see all the list of Internet Addresses. 25 _____________ Is a gadget MS Word MS Excel MS Calendar provided by Windows 10. PowerPoint",BATCH_-_(305).pdf,,,,,
,tb = … … … … … … 1,BATCH_-_(501).pdf,1,,,,
,Mb 100 Gb 1024 Mb 1024 Gb D 2,BATCH_-_(501).pdf,100,,,,
,Byte = ____ Bits 2 4 8 12 C,BATCH_-_(501).pdf,1,,,,
,gb = … … … … … … 3,BATCH_-_(501).pdf,1,,,,
,Bits 1024 Bits 1024 Mb 1024 Tb C 4,BATCH_-_(501).pdf,1000,,,,
D,"Gigabyte = ________ 1000 Kilo 1024 Mega 1024 Tera 1024 Bytes B Byte Byte Byte 5 For protection of computer Anti Virus Virus Memory HDD from virus ------- program should be used. … … … 6 .. group in Home tab fontstyle size Fontsize Font is useful for changing font,font size of selected matter. … … … 7 .. Tab in MSWord View Tools Format Data can be used to change character size and typeface? … … … … 8 . Number of 1 3 4 5 minimum lines you can Drop in Drop Cap option . … … … … 9 . Shortcut key is Ctrl + V Alt + V Ctrl + C Ctrl + D used to paste a matter in MS-WORD … … … … 10 .. Is containing of Table Border Text Box Rectangle Rows and columns. 11 Custom Series Option is TRUE FALSE used to make Series of Data. 12 Custom View option is View Review open Home available in____ 13 DB is financial function. TRUE FALSE 14 Default file name in Excel Document1 File1 Book1 None of these workbook is 15 Delete Sheet Command is File View Home Tools given in _________ Tab - Cells group. 16 Ctrl+D is a shortcut key of Creating a Changing the Deleting a Inserting a _________ duplicate layout of the slide from the new Slide object active presentation Sr.No Question Option A Option B Option C Option D Provisional Ans. 17 Ctrl+M is used to insert a Letter Presentation Document Slide new ___________ 18 Data consisting of Title only Title & Two content Comparison comparison chart can be content presented in _________ slide. 19 Data consisting of lists/ Title only Title & Two content Table bullets can be presented in content _________ slide. 20 Data consisting of text and Table slide Title slide Comparison None of these numbers are best slide represented using ____ slide. 21 _____________is measured Computer Speed of Size of CPU Screen in pixels. memory RAM resolution 22 _____________is NOT a Hardware Memory File Checking error function of Operating Management Management Management in a program System. 23 ____________is an internal CD RAM DVD Flash Drive memory. 24 ___________files can not PDF MS-Word MS-Excel MS-PowerPoi be edited. nt 25 ___________is NOT an Linux Unix Mac Java operating system.",BATCH_-_(501).pdf,1,,,,
C,"MAHARASHTRA STATE COUNCIL OF EXAMINATION,PUNE OBJECTIVE QUESTION PROVISIONAL ANSWER KEY GCC - TBC JANUARY 2026 EXAM BATCH - 104 Sr.No Question Option A Option B Option C Option D Provisional Ans. 1 ----------------- is type of Floppy Disk CD Hard disk Pen drive optical Disk. Drive 2 ------- means raw type Information DATA Program System information. 3 --------- means set of Input Program Language Indications commands given to the computer. 4 ---------- printer gives color Monitor Xerox Inkjet Dot-matrix prints output. 5 ----------- virus spoils COM File Data System Processor and EXE extension files. … … … … … 6 .. is the shortcut Alt + F9 Ctrl + F9 Shift + F9 Space + F9 key to display field codes? … … … … … 7 .. items are Footer Foot Note End Note Header placed at the end of a document … … … … … … 8 cannot be Dialog Box Window Word Wizard resized. … … … … … … 9 . Option is Data Insert Page Layout Home use to change of margins. … … … … … … 10 .. Is made up Text Box Rectangles Borders Table of Rows and Columns. =Upper() Function use to convert text in to … … … … … 11 Capital Small Lower Upper cases. 12 '∑' is a sign of Auto sum TRUE FALSE 13 '∑' is a sign of____ Summarize Autosum Subtractions All of the Data above 14 MS Excel 2019 is spreadsheet operating programming All of These powerful_____ package system language 15 ____ Means in built formula Programs Value Figures Functions basically available in Excel 16 ....................... is available Slide Show Window View Format only in PowerPoint. 17 ....................... view is not Normal Draft Notes Page None of these available in PowerPoint Sr.No Question Option A Option B Option C Option D Provisional Ans. 18 ....................... are Fade Push Wipe All of these Transitions available in MS - PowerPoint 19 ....................... is Power .Docx .pptx .mdb .bmp Point file extension. 20 ....................... option is Time Rehearse Automatic Watch used to see slide show at Time some particular time interval. 21 .org domain code is used Government Commercial Educational Organizational to show ___ Site 22 __ is the short form of WB WL Blog None of these Weblog 23 ___ Email Server is Hotmail Yahoo mail Gmail None of these developed by Google Company 24 ___ is necessary to Telephone Modem CD drive Pen Drive connect our Computer with Instrument Internet. 25 ___ is standard Internet IPX SPX TCP/IP ITC protocol.",BATCH_-_(104).pdf,,,,,
D,"MAHARASHTRA STATE COUNCIL OF EXAMINATION,PUNE OBJECTIVE QUESTION PROVISIONAL ANSWER KEY GCC - TBC JANUARY 2026 EXAM BATCH - 601 Sr.No Question Option A Option B Option C Option D Provisional Ans. 1 Alphanumeric keys Letter Numbers Letter & Letters, contains - Numbers Numbers & ________________ Special Characters 2 Alt & Ctrl keys are Function Option Keys Combination All of these _______________________ keys Keys __ 3 Alt + F4 can be used for Open a File Open Close active None of above ------------ Program Item or Active file 4 Alu means _________ Automatic Arithmatic Arithmatic And None of these Logic Unit Long Unit Logical Unit 5 ALU stands for Arithmetic TRUE FALSE & Logic Unit 6 A selected text that is Raised Outlined Capscript Superscript raised above the baseline is known as_____ 7 A smallest item of Row Column Field None of these information about a record is_____ 8 A thick border around the Cell pointer selection Border Outline active cell is called____ 9 After clicking on Header TRUE FALSE and Footer we can edit it. 10 After Clicking on Header TRUE FALSE and Footer we can't edit it. 11 Grids has vertical and TRUE FALSE horizontal lines 12 Grids on worksheet in MS vertical and images graphs None of these Excel 2019 are ___ horizontal lines 13 Group of selected cell is Cell Range Row Column Width Table called as______________ Hard Copy is the … … … 14 .. soft copy Printed Both A & B None of the Version of above worksheet 15 Header and Footer is Used TRUE FALSE to print common text on each page. Sr.No Question Option A Option B Option C Option D Provisional Ans. 16 For getting Microsoft F1 F2 F3 F4 PowerPoint Help one can use shortcut key ---------- 17 For rehearsal of Slide Show Custom Slide Rehearse All of these presentation ___________ Show Timing command can be used 18 For running slide show we F4 F6 F5 F7 can use the shortcut key --------------- 19 Format Painter command Clipboard Slides Font Paragraph is available in ___________ group in PowerPoint 20 Frequently used true false commands like New, Save, Undo, Redo etc. are present on Quick Access Toolbar. … … … … … 21 .. Unit controls Input Output Control Memory all parts of a computer. … … … … … 22 ..means set of software Hardware Program Process instructions given to the computer. … … … … … 23 ..means Set Data Collection Program unprocessed information. … … … … … 24 .files can not be PDF MS-Word MS-Excel MS-PowerPoi edited. nt … … … … … … 25 is NOT an Windows 10 DOS Unix Norton example of Operating system",BATCH_-_(601).pdf,,,,,
D,"MAHARASHTRA STATE COUNCIL OF EXAMINATION,PUNE OBJECTIVE QUESTION PROVISIONAL ANSWER KEY GCC - TBC JANUARY 2026 EXAM BATCH - 304 Sr.No Question Option A Option B Option C Option D Provisional Ans. 1 ___________ Are types of Ergonomic Flexible Wireless All of these keyboard. 2 ___________ Are types of Mechanical Optical Wireless All Of Above mouse. 3 ___________ Is considered Hard Disk Ram Microprocesso None Of as brain of computer. r Above 4 ___________ Is impact Laser Inkjet Dot Matrix None of these printer. 5 ___________ is necessary Telephone Pen Drive Modem CD Drive to connect our computer Instrument with Internet. 6 ___________ Means Indent Margin Gap Gutter distance between 'Text Matter' and 'Page margins'. 7 ____________ is containing Text Box Rectangles Borders Table of Rows and Columns. 8 _____________ Is type of Windows Ms-Word Dos Unix Application Software 9 _________________ is the CTRL + Alt + Enter Shift + Enter Space + Enter shortcut key for manual Enter line break. 10 _________________ is not Left Right Center Top a type of page margin. Ascending Sorting means … … … … … … … 11 A to z Z to A Both A & B None of the .. Sorting. above 12 Ascending-Descending are Indent Alignment Sorting All of these types of _______ 13 At a time only one Cell can true false be active. 14 At the Left side of the Scroll bar Title Bar Task Bar Status Bar Zoom Slider, we see _______Bar At the right side of the sheet tabs, we get the horizontal … … … … … … … 15 Tool Bar Scroll Bar Title Bar Status Bar . Bar 16 A new presentation can be Blank Existing Design All of these created from___________ presentation presentation template Sr.No Question Option A Option B Option C Option D Provisional Ans. 17 A slide show of pictures PowerPoint Excel Access Word can be created in _____________ 18 Align Text command is Clipboard Slides Font Paragraph available in ___________ group in PowerPoint 19 All commands are Status Bar Ribbons Title Bar None of these available in ______________ in PowerPoint 20 Animation effects can be Selected current slide All slides All of These applied to _____ in a slides presentation. 21 ____________ are two Subject and Subject and Reference and Reference and important parts of E-Mail body reference message body 22 ____________ Is a free Gmail Hotmail Yahoo mail All of above E-Mail program that you can access from any web Browser. 23 ____________ is an Unix Linux Windows Quick Heal example of an antivirus program. 24 ____________ is necessary Modem Telephone CD Drive Pen Drive to connect our Computer Instrument with Internet 25 ____________ is NOT an Windows 10 DOS Unix Norton example of Operating system",BATCH_-_(304).pdf,,,,,
A,"MAHARASHTRA STATE COUNCIL OF EXAMINATION,PUNE OBJECTIVE QUESTION PROVISIONAL ANSWER KEY GCC - TBC JANUARY 2026 EXAM BATCH - 605 Sr.No Question Option A Option B Option C Option D Provisional Ans. 1 Cache Memory is known Temporary Processor Flash Permanent as _______ memory in computer. Calculator like number keys on keyboard are called as … … … … … 2 Toggle Keys Navigation Numeric None Of Keys Keypad Above . 3 Capacity of ____________ Hybrid Mini Micro Super is less as compared to Computers Computer Computer Computer mainframe computers. 4 Capacity of cd is 100 Mb 700 Mb 2 Gb None Of __________ Above 5 Capacity of dvd is 700 Mb 4.7 Gb 10 Gb None Of __________ Above 6 By default page orientation vertical landscape portrait horizontal in word is______ 7 By default, on which page On first page On alternate On every page None of these the header or the footer is page printed? 8 By using _____option we Font zoom Height weight can see the size of the document on screen 9 By using word processors Presentation Database Document Worksheet you can create ___________ Type of file 10 Calibri, Mangal are the Word Art Font Font Style Indents examples of _______________ 11 In MS Excel 2019 which alignment cells group editing group Styles group group contains the cell group styles option ? 12 In MS Excel 2019 which alignment Styles group cells group editing group group contains the group conditional formatting option ? 13 In MS Excel 2019 which font group clipboard Styles group editing group group contains the copy, group cut, paste options ? 14 In MS Excel 2019 which alignment cells group editing group Styles group group contains the format group as a Table option ? Sr.No Question Option A Option B Option C Option D Provisional Ans. 15 In MS Excel 2019 which alignment Styles group cells group editing group group contains the insert, group delete and format options ? 16 How many types of 1 2 3 4 orientation are available in MS-PowerPoint 17 How to create another Press Press Press Press Ctrl+ C copy of a slide? Ctrl+A=> Ctrl+A=> Ctrl+I=>Ctrl+V in new slide Paste in New Ctrl+C=> in new slide slide Press Ctrl+V in new slide 18 Hyperlink command is Home Insert Transition View available in ___________ tab in PowerPoint 19 Hyperlinks can be inserted false true in PowerPoint Presnetation. 20 If the current slide gets full Manually Automatically Directly None of these then new slide has to be inserted _______ 21 A file having .MPEG TRUE FALSE extension represents Text file. A file having .PDF extension represents … … … … … … … 22 Portable Portable Text Image Document Directory ..file. Format Format 23 A letter of memo sent to a Gmail Hotmail Yahoo mail All of above person or group on the internet___ A program used to access the internet is known as … … … 24 Web site Search Browser Word Engine Processor .. 25 A search engine is used to information Connection Files None of above get ____________ from internet.",BATCH_-_(605).pdf,,,,,
A,"MAHARASHTRA STATE COUNCIL OF EXAMINATION,PUNE OBJECTIVE QUESTION PROVISIONAL ANSWER KEY GCC - TBC JANUARY 2026 EXAM BATCH - 704 Sr.No Question Option A Option B Option C Option D Provisional Ans. 1 Computer can make Input Processor Ram None Of mistake only if Above ___________ is wrong 2 Computer can perform Data Entry Save Data Internet All Of Above following tasks Using Typing Surfing 3 Computer dosent get tired Repeatative Monotonous Different All Of Above of _____________ work 4 Computer have Emotions Feelings Both A And B None Of _____________ Above 5 Computer is an Electric Electronic Mechanical None Of ____________ device Above 6 Ctrl + U _________ Underline the Undo the last Underline the Underline the previously changes document selected text deleted text name 7 Ctrl + W is used for Save and Save and Close Without Save, _________ Print the Close Word document Close Document Application Document 8 Ctrl + X ________ Cut Home Copy Paste 9 Ctrl + Y ________ Undo the last Redo the last add a new Paste action action page 10 Ctrl + Z ________ Undo the last Redo the last add a new Paste action action page 11 In Excel Cut option is used Copy and cut and paste Cut New to _________ Paste 12 In Excel Default Alignment Both Both Numbers on Numbers on are _______________ Numbers and Numbers and Right and Text Left and Text Text on Left Text on Right on Left on Right 13 In Excel Default Column 8.43 points 12.65 points 6.75 points 2.25 points Width is ____________ 14 In Excel Default Row 25 picos 15 points 5 cm 1"" Height is _______ 15 In Excel Format Painter is TRUE FALSE used to copy the Format and paste the format in Desired Cell of text 16 In __________ view at a Normal Reading Outline Notes time only one slide is shown. Sr.No Question Option A Option B Option C Option D Provisional Ans. 17 In __________ view Reading Normal Slide sorter Outline sequence of slides can be changed. 18 In __________ we can do Set Up Show Rehearse Slide Custom Rehearsal of the time Timings Transition Animation required for each slide. 19 In __________________ we Outline Pane Slides Pane Notes page Slide Sorter can see all the slides in the presentation file in thumbnail view. 20 In a PowerPoint Sound clips Movie clips Both cannot Both can be presentation___ can be can be be inserted inserted inserted but inserted but not movie not sound clips clips 21 Any unwanted or TRUE FALSE unsolicited Email is spam 22 Assembly Language is a TRUE FALSE low level programming language. 23 ATM Centers system TRUE FALSE works entirely on Mobile 24 ATM Centers system TRUE FALSE works on Internet 25 Attachment buttons show U pin M Pin N pin W Pin __________ icon on it.",BATCH_-_(704).pdf,,,,,
D,"MAHARASHTRA STATE COUNCIL OF EXAMINATION,PUNE OBJECTIVE QUESTION PROVISIONAL ANSWER KEY GCC - TBC JANUARY 2026 EXAM BATCH - 701 Sr.No Question Option A Option B Option C Option D Provisional Ans. 1 Caps Lock on means- All text All text small Only first Only first capital character character capital small 2 CD & ---------- disk are Floppy Hard Disk Pen Drive DVD example of optical disk 3 CD stands for ______ Circular Disk Compact Circular Drive Compact Disc Drive 4 Characteristic of artificial Can Think Take Both A And B None Of intelligence __________ Decisions Above 5 Characteristic of Very Fast Very Small In Both A And B None Of microprocessor Size Above __________ 6 Caps Lock On is used in All text All text small Only first Only first Word for____ capital character character capital small 7 Change the Page Page Paper Style Paper Source __________________ to Orientation margins create a document in wide format Change the … … … … … … … … 8 Page Page Paper Style Paper Source ... to Orientation margins create a document in wide format 9 Click _____button to clear Clear Clear All delete cut all the Tabs from the Tab stops list 10 Clipart pane will appear on Top center right Left the_____side of the screen 11 In MS Excel 2019 which alignment font group cells group editing group group contains the sort & group filter, find and select options ? 12 In MS Excel 2019 which alignment font group cells group editing group group contains the wrap group text, merge and center options ? 13 In a single worksheet we 16,384 15,584 13,384 12,284 have _____________ Columns 14 In a workbook default Sheet panes Sheet cells Sheet Tab Sheet sheet names are displayed Templates on _______________ Sr.No Question Option A Option B Option C Option D Provisional Ans. 15 In a Worksheet, Actual Column Row Line Cell Data is entered in ____________ 16 If we want a slide show to From From current Run Start from run from the current slide beginning slide beginning then click ___________ button. 17 If we want to run slide F6 - slide from Slide show - Slide show - show from the first slide show - start beginning from beginning start slide the steps we should follow slide show - show - from are ................. from beginning beginning 18 If you ____ a slide it will not show close hide exit be shown in the full screen slide show. 19 If you do not wish to show Delete Hide Show None of Above particular slide in slide show, ___________ command can be used 20 If you make the changes in Slide Show Slide sorter Slide Master None of the _____ the changes apply to above whole presentation. 21 A search engine is used to Internet MS Office Browser Gmail get information from __________ 22 A search engine is used to True False get information from internet. 23 A search tool is a program Server Client Network Web Site that finds _______________that match keywords that you enter. 24 A search tool is a program TRUE FALSE that finds web sites, web pages and internet files that match keywords that you enter. 25 A web page retrieved HTML Modem MS Access Web Browser using a ____",BATCH_-_(701).pdf,,,,,
A,"MAHARASHTRA STATE COUNCIL OF EXAMINATION,PUNE OBJECTIVE QUESTION PROVISIONAL ANSWER KEY GCC - TBC JANUARY 2026 EXAM BATCH - 303 Sr.No Question Option A Option B Option C Option D Provisional Ans. 1 __________ Is secondary Ram Rom Cache None Of memory Above 2 __________ means raw Program Data Information System type of information 3 __________ Printer is used Plotter Inkjet Dot Matrix Laser to print images like engineering drawing, maps etc. 4 ___________ Are most Super Mainframe Mini Computer Micro powerful and efficient Computer Computer Computer computers 5 ___________ Are types of Digital Analogue Both A And B None Of computer Above 6 _________ is search World Wide Gopher HTTP HTML Engine. Web 7 _________ is the biggest LAN WAN MAN INTERNET Network in the world. 8 _________ Line spacing is Multiple Single Double Five invalid in MS-Word. 9 ___________ alignment is Left Right Justify center default alignment for word document 10 ___________ is the Border Table TextBox Rectangle combination of Rows and Columns. 11 Additon of cells B4 & F7 =B4*F7 =B4+F7 =B4@F7 =B4/F7 can be done using _____ Formula 12 After starting MS-Excel Book1 Document1 Presentation1 None of these 2019, we see _____ file by default 13 Alignments of cell in Excel Files / Cells Format / FTP / Align None of these sheet can be done Cells by_______ 14 All commands are given in TRUE FALSE tab and ribbon format in MS Excel 2019 . 15 All commands are given in true false the form of Tabs and Ribbon in Excel 2019. Sr.No Question Option A Option B Option C Option D Provisional Ans. 16 _______________________ Window View Slide show Format __ Menu is available only in PowerPoint. 17 ___________View is used Slide Slide show Notes Page Slide Sorter to add the Notes in the slide, for our reference. … … … 18 .means the effects Animation Transition Word Art Clip Art given in slide, regarding how the objects appeared during slide show. … … … … … 19 .. option can be Custom Slide Show Slide Show Action used to creat a new slide Show Setup view Settings show with the current slide but presented in a different order. 20 A default blank TRUE FALSE presentation file has name 'Presentation1' 21 ___________ Is a RAM ROM Cache Optical Disk secondary memory. 22 ___________ Is an Binary Java Bite Code Bit Code example of programming language. 23 ___________ Shows Monitor Mouse Printer Scanner information on the screen of a computer. 24 ___________ Unit controls Input Output Control Memory all parts of a computer. 25 ___________ Virus disturbs Boot File Blog Bug the boot sectors of the disk.",BATCH_-_(303).pdf,,,,,
B,"MAHARASHTRA STATE COUNCIL OF EXAMINATION,PUNE OBJECTIVE QUESTION PROVISIONAL ANSWER KEY GCC - TBC JANUARY 2026 EXAM BATCH - 405 Sr.No Question Option A Option B Option C Option D Provisional Ans. 1 _which is Email client Chrome Internet Microsoft Gopher software? Explorer outlook 2 0' and '1' are part of Unary Binary Trinary None Of ___________ system Above 3",BATCH_-_(405).pdf,,,,,
,or 1 called --------- Bit Bytes Word Value A 4,BATCH_-_(405).pdf,0,,,,
,to 9 numbers are also Number keys Function Alpha Keys Insert Keys A called as ------------ Keys 5,BATCH_-_(405).pdf,0,,,,
D,tb = ____________ 100 Mb 100 Gb 1024 Mb 1024 Gb D … … 6 .tab is used for ruler Data Formula View Insert show and hide … … … 7 group of insert Illustrations Pages Link Table ribbon you can create Smart Art Graphics. … … … 8 . Is not a font face. Bold Arial Calibri Times New Roman … … … 9 . Line spacing 1.0 (Single) 1.5 2.0 (Double) 4 means between two lines there is the spacing of only one line. … … … 10 .. Command is used Home Tab - View Tab - Home Tab - Insert Tab - to see two different parts of Print Layout Window Paragraph Quick Parts same document on Group - split Group screen. 11 Cell value typed in Status Bar Formula Bar Title Bar None of these Selected cell displayed in_____ 12 Chart option is available in Insert tab Home tab page layout view tab ____ in MS Excel 2019 . tab 13 Chart Option is Available in View Insert Data Home __________ Menu 14 Ctrl + Pg Dn key TRUE FALSE combination can be used to go on the next sheet. 15 Ctrl + T is used for creating TRUE FALSE Table in Excel 16 Close command will close TRUE FALSE only currently open presentation Sr.No Question Option A Option B Option C Option D Provisional Ans. 17 Closing and exiting in TRUE FALSE powerpoint are same 18 Comment command is Insert Review View Home available in ___________ tab in PowerPoint 19 Convert to SmartArt Font Paragraph Drawing Editing command is available in ___________ group in PowerPoint 20 Ctrl + D is shortcut key for Delete Permanently Duplicate None of these Delete Slide 21 _______________connects Downloading Uploading Hyperlink Testing the current page of Web Site to another specific page of Web Site. 22 _______________is NOT .BMP .JPEG .GIF .CDR an image file format. 23 ______________is NOT an Quick Heal Net Protector C++ Norton example of antivirus. 24 _____________computers Analog Digital Virtual Rational work on bits. 25 _____________is an Windows Linux Unix Spreadsheet application software.,BATCH_-_(405).pdf,1,,,,
B,"MAHARASHTRA STATE COUNCIL OF EXAMINATION,PUNE OBJECTIVE QUESTION PROVISIONAL ANSWER KEY GCC - TBC JANUARY 2026 EXAM BATCH - 401 Sr.No Question Option A Option B Option C Option D Provisional Ans. 1 ____________ Can contain Folder Basket Box None Of many files. Above 2 ____________ Disturbs Virus Antivirus Software Hardware data, stop or disturb functioning of pc 3 ____________ Is not Windows Linux Ms-Office All Of Above operating system. 4 ____________ Is not type Computer Mobile Typewriter None Of of electronic device Above 5 ____________ Is pointing Mouse Keyboard Scanner None Of device. Above 6 ______comes under View print layout mailing spelling table tab in MS Word 2019 7 ______is the sortcut key for CTRL+A CTRL+Z CTRL+Y CTRL+W closing document in MS-Word 8 ______is used for Toolbar Taskbar Stock chart None of these performing menu operations through GUI 9 ______press when help F4 F3 F1 F2 dialog box is appear 10 _____shortcut key is used ctrl + x ctrl + t ctrl + c ctrl + u for cut the text in MS Word 2019 11 Below the worksheet area, Name Box Tabs Formula Bar Sheet Tabs we get _________ 12 Bold is used to make the Bold Italic Bold & Italic Black selected text as ___ 13 By Pressing Ctrl + S , Open file new file Save file Exit file _____________ action is done. 14 By Pressing Home Key true false Cell Pointer move to first Cell of current Row. 15 By using ____ option, only Contents Cell contents Comments None of the selected matter is removed above but format remains as it is in the cells. 16 Below the slide pane we Slide Outline File Notes get the ___________ Pane Sr.No Question Option A Option B Option C Option D Provisional Ans. 17 Below the slide pane we True False get the Outline Pane. 18 Blank slides contain some Dotted Lines Dotted Circle Dotted box Dots default -------------- for inserting Text / Picture/Objects etc. 19 Blank, Comparison, Title true false only etc. are the types of slide layouts in PowerPoint. 20 Blinds, Honecomb, Cube, true false Doors are some of the Transition effects in PowerPoint. 21 _____________ Is called as Microprocess RAM ROM ALU calculator of computer. or 22 ______________ is NOT a KB MB GB VB valid measurement unit of computer memory 23 _______________ Allows to Java C HTML XML create a webpage with interactive content. 24 _______________ contains Compose Sent Mails Spam Trash deleted E-Mail 25 _______________ is a Social Network A & B both None of above group of computers set up Networking to communicate with one another",BATCH_-_(401).pdf,,,,,
D,"MAHARASHTRA STATE COUNCIL OF EXAMINATION,PUNE OBJECTIVE QUESTION PROVISIONAL ANSWER KEY GCC - TBC JANUARY 2026 EXAM BATCH - 105 Sr.No Question Option A Option B Option C Option D Provisional Ans. 1 WWW stands for World Wise World wise World Wide World wide ___________ Web work Web Work 2 ""Alt"" Key is __________ Combination Insert Addition Change Key. 3 ""Control"" Key is Enter Insert Addition Combination __________ Key. 4 ""PARAM"" is the ------------- Super Micro Mini Mainframe computer 5 ""UNICODE"" is types of Application Program Font File --------- … … … … … … 6 .. Means Indent Margin Gap Gutter distance between Text Matter and Page Margins. … … … … … … … 7 can be Status Area Ruler Status Bar Toolbar used to set margins and indents in Document … … … … … … … 8 . is not a Bold Italics Regular Superscript font style. … … … … … … … … 9 is the Ctrl + F Alt + Ctrl + F Ctrl + D Ctrl + Shift + D short cut key to open Font dialog box. … … … … … … … … 10 . Is a Insertion Bar Tab Insertion Tab Point blinking straight line where Pointer we can type the matter. 11 ____ Option is available Status Bar Title Bar Menu Bar Formula Bar only in MS-Excel Window. 12 _____ Means instruction to Text Formula Number Cell Reference perform calculations 13 ______ data type cannot Text Formula Tree Number be used as a data a cell. 14 _______ Bar is given at the Status Title Access Tool topmost side of 'opening Screen' in Excel 15 ________ means set of Style Font Size Font Group Font different formatting effects. 16 ....................... various Shred Switch Flip All of Above Transitions available in MS - PowerPoint. Sr.No Question Option A Option B Option C Option D Provisional Ans. 17 ....................... View is Slide Slide show Outline Slide Sorter used to adjust or arrange the matter in the slide. 18 ....................... view is Outline Normal Print Layout None of Above useful to create a slide 19 ...........................Menu is Window View Slide Show Format available only in PowerPoint. 20 .ppt extension is for ______ Ms Excel Ms Ms Presenter Ms Word software files. PowerPoint 21 ___ Is the by default Web Internet Netscape Mozilla Firfox Google browser of Microsoft Explorer Navigator Chrome Company 22 ___ Is the machine that Server Printer Monitor Mouse makes www documents available. 23 ___ shortcut key is used F1 F12 F3 F5 for refresh in Internet Explorer 24 ____ Folder shows the Inbox Outbox Sent Mail Trash received Emails of Email account. 25 ____ is an example of Interpreter Operating Compiler Browser Application Software. System",BATCH_-_(105).pdf,,,,,
,KB = ________ Bytes 100 1000 1024 1048 C 2,BATCH_-_(502).pdf,1,,,,
,kb = __________ 1024 Bytes 512 Bytes 1024 Mb None of these A,BATCH_-_(502).pdf,1,,,,
,kb = … … … … … 3,BATCH_-_(502).pdf,1,,,,
,Bytes 512 Bytes 1024 Mb None Of A Above 4,BATCH_-_(502).pdf,1024,,,,
,mb = ___________ 100 Bytes 1024 Kb 1000 Bytes None of these B 5,BATCH_-_(502).pdf,1,,,,
D,Megabyte = ________ 1024 Kilo 1000 Kilo 1022 Kilo Byte 1024 Bits A Byte Byte … … … … … Command is View Tab used to see two different parts of same document on screen. → Window group → Home Tab split → 6 Quick Parts Insert Tab Paragraph group … … … … … … 7 .. Is type of Windows Ms-Word Dos Unix Application Software … … … … … … … … 8 . is the CTRL + Alt + Enter Shift + Enter Space + Enter shortcut-key for manual Enter line break. … … … … … … … … 9 . Can be Status Area Ruler Line Status bar Toolbar used to set margins and indents in Document. If you what first character large than other words in a document … … 10 Capital case drop cap change case font case .effect used 11 Delete sheet Command is File View Home Tools given in _________tab. Delete Sheet Command is given in Home … … … 12 Tab Cells Editing Number Font .. Group. Descending Sorting means … … … … … … … 13 A to z Z to A Both A & B None of the . Sorting above 14 Doughnut is one of the Picture Symbol Chart None of these type of _________ in Excel. 15 Doughnut is one of the TRUE FALSE type of chart in Excel 16 Default name of Document 1 Workbook 1 Presentation1 None of these presentation is 17 Default Orientation in Portrait Landscape Horizontal None of these PowerPoint is Sr.No Question Option A Option B Option C Option D Provisional Ans. 18 Default zoom available in 0.5 1 1.5 Fit to Window PowerPoint is 19 Design and Layout are Template Page Picture Chart given to the slides according to __________ selected 20 Design and Layout Theme true false are given to the slides according to Template selected. 21 ___________means set of software Hardware Program Process instructions given to the computer. 22 __________is a valid file .AVI .JPEG .MPEG .MIDI extension of image. 23 __________is another XML XHTML XPS Xreader format similar to PDF. 24 _________is a Tiredness Less storage Inaccurate Automation characteristic of a computer. 25 _________is NOT a gadget Calendar Clock Currency MS-Word provided by Windows 10.,BATCH_-_(502).pdf,1,,,,
B,"MAHARASHTRA STATE COUNCIL OF EXAMINATION,PUNE OBJECTIVE QUESTION PROVISIONAL ANSWER KEY GCC - TBC JANUARY 2026 EXAM BATCH - 302 Sr.No Question Option A Option B Option C Option D Provisional Ans. 1 __________ is called Pen Scanner Bar code Portable Flatbed photoelectric scanners. reader Scanner scanner 2 __________ is printer Internet Web site Home page interconnected network. 3 __________ Is not output Monitor Pen Drive Printer Plotter device 4 __________ Is output Monitor Printer Plotter All Of Above device 5 __________ Is permanent Ram Rom Cache None Of memory Above 6 _______ Is the shortcut key Ctrl + G Ctrl + C Ctrl + E Ctrl + H to ""Center Align"". 7 _______ Line spacing 1.0 (Single) 1.5 2.0 (Double) 4 means between two lines there is the spacing of only one line. 8 _______ shortcut key is F1 F2 F7 F8 used to spell check in MS-Word 9 _______ Tab we can do Page Layout Print Layout A4 Home page setting in MS-Word 10 _________ Is containing of Table Border Text Box Rectangle Rows and columns. A dark coloured strip showing the title at the top of Ms- Excel window is called as … … … 11 Status Bar Title Bar Scroll Bar None of the above .. 12 A formula in Excel always TRUE FALSE has to start with (fx). 13 A single worksheet has 16000 16384 17000 17384 _____ columns 14 A single worksheet has 10,48,576 11,00,000 12,00,000 None of these _____ rows 15 A Workbook may contain Worksheet Column Row Pages many ___________ 16 _______________ can be Video Audio Both A & B None of These recorded in PowerPoint Sr.No Question Option A Option B Option C Option D Provisional Ans. 17 _______________ tab is Window Slide Show Format Home available only in PowerPoint. 18 __________________ are Fade Push Wipe All of these transitions available in PowerPoint 19 __________________ Entrance Exit Emphasis Flip transition are available in PowerPoint 20 ____________________ is a Title only status Line Circle type of slide in PowerPoint 21 __________ Can be used Word Image editor Windows E-mail to send and receive Processor messages. 22 __________ Is an example Interpreter Operating Browser Compiler of Application Software. System 23 __________ means raw Characters Information Data Analysis information given to computer as input. 24 __________ Means Forward Compose Delete Reply respond to received mail. 25 __________ Means Compose Forward Reply Delete sending received E-Mail to some other mail id.",BATCH_-_(302).pdf,,,,,
A,"MAHARASHTRA STATE COUNCIL OF EXAMINATION,PUNE OBJECTIVE QUESTION PROVISIONAL ANSWER KEY GCC - TBC JANUARY 2026 EXAM BATCH - 301 Sr.No Question Option A Option B Option C Option D Provisional Ans. 1 __________ Are not display Projector Hdtv Plotter None Of devices. Above 2 __________ are not names Norton Quick Heal Net Protector MS-Word of Antivirus program. 3 __________ Are types of Desktop Laptop Handheld All Of Above micro computers. 4 __________ are types of Mechanical Optical Wireless All of these mouse 5 __________ device is Mouse Joystick Keyboard None of above specially used to play games on computer 6 ______ of the following is Right Center Left Top not a type of page margin? 7 ______ option is used to Bulletes and Tables Columns Tab stops create document like Numbering newspaper format. 8 ______ option is used to double click single click double click on right click on select the whole word in on that word on that word page border that word document. 9 ______ shows print insert tab design tab review tab file menu preview in MS Word 2019 10 _______ Is not a font face. Bold Arial Calibri Times New Roman 11 ___Means in built formula Programs Value Figures Functions basically available in Excel … … 12 . is used to cancel the ESC delete next None of these changes in MS-Excel 13",BATCH_-_(301).pdf,,,,,
D,"points is the default Column worksheet row cell C height of _____ 14 A bar displays content and Status Formula Address Title formula in active cell is called ---- bar 15 A bar which is displayed at name bar address bar formula bar no such bar is the right side of the name displayed in box is called as ___ in MS MS Excel Excel 2019 . 2019 . 16 ____________ view is not Normal Notes Page Draft None of these available in PowerPoint Sr.No Question Option A Option B Option C Option D Provisional Ans. 17 _____________ means the Animation Transition Word art clipart effects given in slide, regarding how the objects appeared during slide show. 18 _____________ option is Time Rehearse Automatic Watch used to see slide show at Time some particular time pause. 19 ______________ can be Document Database Handouts Picture created using PowerPoint. 20 ______________ view is Slide Mater Handout Notes Master All of these available in PowerPoint Mater 21 _________ Means contains gov net edu com some commercial information. 22 _________ means contains edu com gov net some education information. 23 _________ means edu net gov com government Web Site. 24 _________ shortcut key is F1 F5 F12 F3 used for refresh in Internet Explorer. 25 _________ Shows a Server Postal E-Mail Address Bar location address on the Address Address Browser.",BATCH_-_(301).pdf,15,,,,
B,"MAHARASHTRA STATE COUNCIL OF EXAMINATION,PUNE OBJECTIVE QUESTION PROVISIONAL ANSWER KEY GCC - TBC JANUARY 2026 EXAM BATCH - 205 Sr.No Question Option A Option B Option C Option D Provisional Ans. 1 _________ operations are Bitwise Arithmetic Logical Binary mathematical calculations 2 _________ Replaced i.c. Transistors Integrated Microprocesso None Of Circuits rs Above 3 _________ Replaced Transistors Integrated Microprocesso None Of transistors Circuits rs Above 4 _________ types of Hard Internal External SSD All of above Disk are easy to carry while travelling 5 __________ Are display Projector Hdtv Monitor All Of Above devices. 6 _____ tab is used to insert Home Insert Data View the wordart into the document. 7 ______ indicates two lines 20 2.0 20 1.2 of spacing in between two lines of text in MS Word",BATCH_-_(205).pdf,,,,,
A,. 8 ______ is blinking straight Arrow cursor blink None of these line where we can type the matter 9 ______ is the default file .txt .word .docx .dos extension for all word documents. 10 ______ item is printed at Header Foot Note Title Footer the bottom of each page 11 ___________ option is to Close Exit Minimize Maximize be select to quit Microsoft Excel. 12 ____________ application Word Database DOS Spreadsheet is most suited for a bar Processor chart 13 ____________ Bar is given Status Title Access Tool at the top side of 'Opening screen' in Excel 14 __________Function if() Min() Round() int() converts the number into nearest integer. 15 ______Option is available Status Bar Formula Bar Menu bar Title Bar only in MS_EXCEL Window. Sr.No Question Option A Option B Option C Option D Provisional Ans. 16 ___________ view is Normal Notes Page Reading View All of these available in PowerPoint 17 ___________ view is not Normal Draft Notes Page None of these available in Powerpoint 18 ____________ can be Speaker's layout Slide Document referred by the speaker Note while giving a presentation. 19 ____________ Menu is Windows View Slide Show Format available only in Power Point. 20 ____________ pointer Pen Arrow New Animation helps to draw line to understand our speech or statements while slide show. 21 _________ Is a special Pause Tab Esc F10 function key available on the keyboard. 22 _________ Is an example Monitor Mouse Printer Speaker of input unit. 23 _________ Is shown on the Recycle Bin Disk Drives Compilers Drivers desktop of Windows 10. 24 _________ Is standard IPX SPX ITC TCP / IP Internet Protocol 25 _________ is WAN type of Internet Browser Webpage Home page network.,BATCH_-_(205).pdf,2019,,,,
A,"MAHARASHTRA STATE COUNCIL OF EXAMINATION,PUNE OBJECTIVE QUESTION PROVISIONAL ANSWER KEY GCC - TBC JANUARY 2026 EXAM BATCH - 201 Sr.No Question Option A Option B Option C Option D Provisional Ans. 1 .Avi is extension of Image Audio Audio Video None Of _____________ file. Above 2 .bmp is ----------- file MS-paint Photoshop Coral draw PageMaker extension. 3 A folder is also called as TRUE FALSE Directory 4 .Bmp is extension of Bitmap Executable Wordpad None Of _____________ file. Above 5 .Docx is ___________ file Notepad Word 2003 Word 2007 to Word 97 extension. 2019 … … … … … … … … … … 6 . is Office XP Office Vista Office 2007 None of above not valid version of MS Office 7 In MS Word, Ctrl+S is for Scenarios Size Save Spelling ___ Check 8 In MS-Word 2019 Left Right Bottom Justify _____________ Is not a alignment. 9 we can select page border page border page layout Border Tab alignment tab style using option in _____ tab tab tab in MS Word 2019 . you want to cut some matter to move another place … … … 10 cut close delete up .used. 11 ________ options are freeze panes freeze top freeze first All of these available under freeze row column panes in view tab? 12 _________ Can be used for Autofill Text Mid Formula different mathematical calculations in Excel. 13 _________ Types of 3 2 4 5 orientation are available in Ms-Excel 14 __________ application is Word Database DOS Spreadsheet most suited for a bar chart Processor 15 __________ Bar is given at Status Title Access Tool the top side of 'Opening screen' in Excel 16 .pptx is the extension of Excel Access PowerPoint Word ____________ Sr.No Question Option A Option B Option C Option D Provisional Ans. 17 _____ view is used to Slide Slide Show Outline Slide Sorter adjust or arrange the matter in the slide. 18 ______ are Transitions Fade Push Wipe All of these available in MS - Powerpoint 19 ______ option is used to Time Rehearse Automatic Watch see slide show at some Time particular time interval. 20 ______ view is useful to Outline Normal Print Layout None of these create a slide 21 ____ is Search Engine. World Wide HTTP HTML Gopher Web 22 ____ key is used to see all F1 F2 F3 F4 the list of Internet Addresses. 23 ____ Option is used to Draft Inbox Sent Box None of above store incomplete or temporary message in E-Mail. 24 _____ is a worldwide LAN Internet Bluetooth Infrared system of network. 25 _____ Is an application Internet Interpreter Complier Hyperlink software. Explorer",BATCH_-_(201).pdf,,,,,
D,"MAHARASHTRA STATE COUNCIL OF EXAMINATION,PUNE OBJECTIVE QUESTION PROVISIONAL ANSWER KEY GCC - TBC JANUARY 2026 EXAM BATCH - 204 Sr.No Question Option A Option B Option C Option D Provisional Ans. 1 ________ is example of MS-Word C++ Paint Notepad programming language 2 _________ indicates signal 0 1 Off Switch is off 3 _________ is extension of .docx .xlsx .pptx .txt Notepad file. 4 _________ Is storage Mouse Pen Drive Scanner Keyboard device 5 _________ Keys are Ctrl Alt Shift All of these combination keys 6 _____ is used for to refresh F5 F6 F1 F2 the active window 7 _____ is used to cancel the ESC delete next None of these changes 8 _____ of the following is Office 2003 Office Vista Office 2019 Office 2007 not valid version of MS Office? 9 _____ option copies the paste selected copy format selected text in MS Word 2019 10 _____ tab is used to insert Insert Tools File Design the shapes into the document. 11 __________ means set of Style Font Size Font Group Font different formatting effects. 12 __________ option helps us Print Titles Scale to Fit Break Print Area to fit more of the data on lesser number of the pages 13 __________ Option is Status Bar Formula Bar Menu bar Title Bar available only in MS_EXCEL Window. 14 __________ option is used Autofill MIN Average Today to get 1,2,3,4 . . . . Numbers in Sr.No. Column. 15 __________ Types of 3 2 4 5 orientation are available in Ms-Excel Sr.No Question Option A Option B Option C Option D Provisional Ans. 16 __________ is available Slide Show Window View Format only in Powerpoint. 17 __________ is extension .docx .pptx .accdb .prst for Presentation in Office 2019 18 __________ is used to MS Word Excel Notepad Powerpoint create best presentation. worksheet 19 __________ is used to MS Word MS Excel MS MS Presenter create business PowerPoint presentations 20 __________ view is not Normal Web Layout Reading View None of these available in PowerPoint 21 ________ were used in Vacuum Transistors Integrated Microprocesso second generation Tubes Circuits rs computers. 22 ________ were used in Vacuum Transistors Integrated Microprocesso third generation Tubes Circuits rs computers. 23 _________ Cables are Twisted Pair Fiber-Optic Shield Twisted None of these more safe than coaxial Pair cables 24 _________ E-Mails are Sent Inbox Delete Draft shown in trash menu. 25 _________ Is a collection of Data Group Set Folder files and subfolders.",BATCH_-_(204).pdf,,,,,
D,"MAHARASHTRA STATE COUNCIL OF EXAMINATION,PUNE OBJECTIVE QUESTION PROVISIONAL ANSWER KEY GCC - TBC JANUARY 2026 EXAM BATCH - 403 Sr.No Question Option A Option B Option C Option D Provisional Ans. 1 _____________ Are faster Mainframe Mini Micro Hybrid than mini computers. Computer Computer Computer Computers 2 _____________ Device is Keyboard Mouse Scanner All Of Above used to scan images, printed text, handwriting from papers. 3 _____________ is the Desktop Handheld Laptop All of these microcomputer. 4 ______________ Are Speed Accuracy Diligence All Of Above characteristics of computer 5 ______________ Are Windows Linux Mac Os All Of Above operating systems. … 6 .Dialog box is displayed Print Open Save as Font after clicking on save command in File menu when we try to save document first time … … 7 can be used to set Status area Ruler Line Status Bar Toolbar margins and indents in Document. … … 8 . Bar is displayed in Title Bar Status Bar Scroll Bar Format Bar the bottom side of Microsoft word application window … … 9 . layout view helps in update print insert delete understanding the position of the text matter on the page … … 10 .. is the default number 3 10 15 20 of lines to drop for drop cap. 11 Can we save Excel file in TRUE FALSE Pdf? 12 Cell Address / Cell true false Reference is the combination of Column Label and Row Number. 13 Cell address contains TRUE FALSE column label and row number in MS Excel 2019 Sr.No Question Option A Option B Option C Option D Provisional Ans. 14 Cell Address/Cell Column Row and column Label Row Number Reference is the Label and column combination of Row ________________ Number. 15 Cell addresses used in Formulas Cell Parameters Functionlist Formula are called as Reference __________ 16 Cannot insert table in TRUE FALSE Power Point Presentation 17 Changes made in Main slide First Slide Slide Master Last Slide _________ are applied to all the slides. 18 Changes made in First Slide Main Slide Last Slide Slide Master __________________ are applied to all slides. 19 Character Spacing option Clipboard Slides Font Paragraph is available in ___________ group in PowerPoint 20 In PowerPoint we can Insert - Design - Insert - None of these apply your own backgroud Background - Background - Background styles using -- Background Background styles Styles 21 ________________ is an Gmail Facebook Chrome Gopher internet search tool. 22 ________________ Is text Signature People People text Personal which is automatically widget information inserted at the bottom of every E-Mail. 23 ________________ is the Client Server Modem None of these powerful PC and data is stored in it. 24 ________________ system E-mail Online Voice mail Shared is use send electronic service messages resources message. 25 __________________ is LOC IPSA VRL URL acronym for the address webpage.",BATCH_-_(403).pdf,,,,,
A,"MAHARASHTRA STATE COUNCIL OF EXAMINATION,PUNE OBJECTIVE QUESTION PROVISIONAL ANSWER KEY GCC - TBC JANUARY 2026 EXAM BATCH - 202 Sr.No Question Option A Option B Option C Option D Provisional Ans. 1 .exe file can be used to TRUE FALSE attached with E-mail. 2 .Midi is extension of Text Musical Bitmap None Of _____________ file. Instrument Above Digital Interface 3 .txt is ----------- file Word Notepad PowerPoint Photoshop extension. 4 ______ Is unit of computer Bytes Mega Gita None Of memory Above 5 ______ is used to transfer Scanner Printer Pen Drive All of above data from one PC to another 6 ""Smiley face"" shape is in Shape Status Formatting Standard the ___________ Option of Insert Tab 7 ____ can be used to set Status area Ruler Line Status Bar Toolbar margins and indents in Document. 8 ____ is containing of Rows Text Box Rectangle Borders Table and Columns. 9 ____ means distance Indent Margin Gap Gutter between 'Text Matter' and 'Page Margins'. 10 ____ option cancels copy paste Formatting undo previous action in msword. 11 __________ Can be used Autofill Text Mid Formula for different mathematical calculations in Excel. 12 __________ data type Text Formula Tree Number cannot be used as a data a cell. 13 __________ features AutoCal Add Autosum Sum displays total of selected cell values on status bar- 14 __________ Function if() Min() Round() int() converts the number into nearest integer. Sr.No Question Option A Option B Option C Option D Provisional Ans. 15 __________ Function = IF() = Max() = Round() = Ceiling() makes the number in the brackets round to the number upto specific digits. 16 ______ View is useful to Normal Print Layout Outline None of the type matter on slide. above 17 _______ is Power Point file .docx .pptx .mdb .bmp extention. 18 ________ Layout can be Comparison Title Slide Picture with None of these used to insert picture with Caption its description. 19 ________ shows slides in Zoom Show Slide Show All of these full screen 20 _________ option can be Sections layout reset new slide selected from the slides group too organize your slides into different sections. 21 _____ Is an example of Word spreadsheet presentation Unix system software. processor 22 _____ is the biggest LAN MAN Internet WAN Network in the word. 23 ______ Button is used to Home Backward Refresh Forward Arrow reload the web page on Arrow the Browser 24 ______ is brain of a CPU Input Unit Output Unit Memory Unit computer system. 25 _______ is a Microsoft's Internet Google Opera Mozilla Firefox web Browser that install Explorer Chrome with windows by default.",BATCH_-_(202).pdf,,,,,
,bytes = … … … … … … 1,BATCH_-_(503).pdf,1024,,,,
,Kb 1 Mb 1 Gb 1 Tb A 2,BATCH_-_(503).pdf,1,,,,
,GB = 1 Terabyte Gigabyte Megabyte Kilobyte A _____________ 3,BATCH_-_(503).pdf,1024,,,,
,kb = ___________ 1 Kb 1 Mb 1 Gb 1 Tb B 4,BATCH_-_(503).pdf,1024,,,,
,kilobyte = 1 Kilobyte 1 Megabyte 1 Gigabyte 1 Terabyte B _____________ 5,BATCH_-_(503).pdf,1024,,,,
A,"mb = _____________ 1 Kb 1 Mb 1 Gb 1 Tb C … … … … … … … … 6 .. is not a Left Right Center Top type of page margin. … … … … … … 7 option will be cap Drop Caption Drop Cap used for desired type of the Drop Cap. … … … … 8 means readymade WordArt font styles Font size Template formats provided by words. … … … … 9 tab group is useful Home Insert View Data for changing font,font size of the selected matter. … … … 10 application software MS-Word MS-Excel MS-Powerpoin All of these is used for word t processing 11 Each Excel file is called a It contains It can be It can contain User has to Workbook because Text and modified Many Sheets work hard to ___________ Data create it 12 Each row in Excel has true false given one Number. 13 Each row in Excel has Number Character Picture Icon given one ______________ Every Worksheet has vertical and horizontal lines called … … … … … … 14 Cell Pixel Table Grid . 15 Page break is viewed in Normal Page Break Print Break Form ___________ MS-Excel . Preview Preview 16 Design/ Transition/ MS-Word MS-Excel MS-PowerPoi MS-Access Animations/ Slide show nt tabs are available in __________ Sr.No Question Option A Option B Option C Option D Provisional Ans. 17 Each entity (page) of Slide Page Sheet None of these PowerPoint is referred as __________ 18 Exit command is used to close open create edit __________ a presentation. 19 Exit command will close all TRUE FALSE open presentation 20 F1 Function key is used to Add slide start slide Display help delete slide __________ in PowerPoint show 21 _________Shortcut key is Tab Esc Ctrl Shift used to stop loading of webpage in Internet Explorer 22 _______are also called as Super Mainframe Mini Micro personal computers. Computers Computers Computers Computers … 23 .. Is the by default Web Internet Netscape Mozilla Firefox Google browser of Microsoft Explorer Navigator Chrome Company … … 24 . Is one of example of Facebook Twitter Whatsapp All of the Social Network Service above … … 25 . Protocol is used to HTTP FTP TCP/IP None of these transfer the information of web pages on www.",BATCH_-_(503).pdf,1024,,,,
A,"MAHARASHTRA STATE COUNCIL OF EXAMINATION,PUNE OBJECTIVE QUESTION PROVISIONAL ANSWER KEY GCC - TBC JANUARY 2026 EXAM BATCH - 102 Sr.No Question Option A Option B Option C Option D Provisional Ans. 1 ________________ means Pentium IV P-4, 1.7 1.7 Speed, P-IV-1.7 P4, 1.7 GHz. Processor, Speed P-4 Speed Clock Speed 1.7 GHz 2 ------------ an example of Data Quick Heal Memory Floppy & CD computer Antivirus. 3 ---------- and printer are Monitor Unix Windows Webcam commonly used output devices. 4 -------------- are the input Keyboard Mouse Scanner All of Above devices. 5 -------------- are the output Printer Monitor Speaker All of Above devices. 6 ___________ items are Footer Foot Note End Note Header placed at the end of a document 7 _____________ Is made Text Box Rectangles Borders Table up of Rows and Columns. 8 _____________ Means Indent Margin Gap Gutter distance between Text Matter and Page Margins. 9 _______________ is not a Bold Italics Regular Superscript font style. 10 ________________ is the FIL DOT .Docx TXT extension of Word files? 11 _____________ Means Text Formula Number Cell instruction to perform Reference calculations. 12 _____________ Option is Status Bar Title Bar Menu Bar Formula Bar available only in MS-Excel Window. 13 = Lower() Function use to Capital Small Big Upper convert text in to __________ case. 14 = Now(), is a function system time time date None of these used to get the current ______ 15 = Today(), is a function Year Date Month Time used to get the current _____ Sr.No Question Option A Option B Option C Option D Provisional Ans. 16 ------------------- are printed Notes Speaker's Listener's Notations notes of speech referred Notes Notes by the Speaker in the meeting. 17 ------------------------ is Status Bar Ribbon Quick Access Title bar present besides the Toolbar PowerPoint logo on Title bar. 18 ---------------- is very useful MS-Word MS-Excel MS-PowerPoi MS-Access software for making nt presentations (Slides, handout etc.) at professional level. 19 -------- means the effects Animation Transition World Art Clip Art given in Slide, regarding how the Objects appear during Slide show. 20 ------------------------- Menu Window View Slide show Format is available only in PowerPoint. 21 ""WWW"" is an acronym for Wide World Web Wide World Web World Wide what? Web World Wide Web 22 .................... Are types of Mechanical Optical Wireless All of these Mouse. Mouse Mouse Mouse 23 .Com domain code is used Government Commercial Educational Professional to show ___ Site 24 .com is an example of TRUE FALSE domain name address. 25 .com, .edu, .org, .net, .gov TRUE FALSE are part of domain code.",BATCH_-_(102).pdf,,,,,
A,"MAHARASHTRA STATE COUNCIL OF EXAMINATION,PUNE OBJECTIVE QUESTION PROVISIONAL ANSWER KEY GCC - TBC JANUARY 2026 EXAM BATCH - 103 Sr.No Question Option A Option B Option C Option D Provisional Ans. 1 HTTP is abbreviation of Hypertext Hypertext Hypertext Hypertext ___________ transport transport transport port transfer policy permission Protocol 2 --------- is an example of JAVA UNIX C++ Internet Operating system. 3 --------- is an example of WORD EXCEL NOTEPAD C++ programming language. 4 -------- is electronic circuit System RAM ROM CPU board which built in Board computer cabinet. 5 ------------- is the Desktop Handheld Laptop All of Above microcomputer. 6 __________________ is Next Page Previous Odd Page Even Page not the Section Break Page Option? 7 _____________________ is Office XP Office Vista Office 2007 None of these not valid version of MS Office … … … … 8 . of the following Auto Format Auto Correct Smart Tags Auto Text helps to reduce spelling error in the document? … … … … … 9 . item appears Water Color Background Watermark Back Color dimly behind the main body text … … … … … 10 .. can you Press F8 Press Del to Press Esc to Press Enter to disable extended selection again to disable disable disable mode disable 11 = Upper() Function use to Capital Small Lower subscript convert text in to __________ cases. 12 =lower(""Hello"") , this Hello hello hELLO HELLO function will convent the given text as =Round() Function makes the number given in the bracket … … … … … 13 Maximum Minimum Round None of the above to the number upto specific digit. 14 =SUM(E8:E11) this true false function sort the values in cells range between E8 to E11. Sr.No Question Option A Option B Option C Option D Provisional Ans. 15 =Upper(""Hello"") , this Hello hello hELLO HELLO function will convent the given text as 16 --------------------- view is Print Layout Outline Normal None of these useful to type matter on slide. 17 ...................... is process Page Show Image Show Slide Show None of Above in which all slides are displayed one after another? 18 ...................... is used to MS Word Excel Notepad PowerPoint create best presentation. worksheet 19 ...................... Means the Animation Transition Word Art Clip Art effects given in slide, regarding how the objects appeared during the slide show. 20 ...................... shows slides Zoom Show Slide Show All of these in full screen 21 .Edu domain code is used Government Commercial Educational Professional to show ___ Site 22 .edu, .com, .org, .net, .gov true false are part of standard internet address domain code. 23 .GIF is a compressed 256 1024 354 400 bitmap format which supports ______________colors. 24 .Gov domain code is used Government Commercial Educational Professional to show ___ Site 25 .MIDI is a file extension of TRUE FALSE a sound file.",BATCH_-_(103).pdf,,,,,
